first_name,last_name,loan_id
Jennifer,Slayny,null
Susan,Traviss,null
Vincent,Ritelli,null
Tasia,Laybourne,null
Wren,Gergler,null
Tory,Lees,null
Estelle,Di Lorio,null
Dorian,Betje,null
Frank,Jelk,null
Chris,Endon,null
Gillie,Fritz,null
Leisha,Defty,null
Erika,Bompass,null
Gabe,Moxstead,null
Blake,Teresse,null
Joshua,Tinmouth,null
Tasha,Coldtart,null
Neil,Davie,null
Emmeline,Pitherick,null
Josiah,Staner,null
James,Greetham,null
Isaac,Barstowk,null
Dean,Nelane,null
Carolina,Cranmere,null
Champ,Lardiner,null
Abbie,Quaif,null
Camile,Milbourne,null
Quentin,Crose,null
Silvano,Horlick,null
Phyllis,Cicchillo,null
Jerrie,Brownhall,null
Ludovika,Leist,null
Tara,Knatt,null
Keslie,Parkeson,null
Jodi,Leopard,null
Rosanna,Cultcheth,null
Remy,Fairpool,null
Megan,Blyth,null
Rikki,McLernon,null
Clarie,Haacker,null
Dorry,Chettle,null
Sybil,Costanza,null
Jonas,Sinclaire,null
Claire,Bendel,null
Kathleen,Welband,null
Kylie,Crannage,null